DEC,HEX,所在文件,功能/描述,参数数量,a,b,c,d,e,f,g,h,i,j,k,l,m
0,0
1,1
2,2
3,3
4,4
5,5
6,6
7,7
8,8
9,9
10,A
11,B
12,C
13,D,,生成随机整数,1,"随机数范围为[0, a)"
14,E
15,F
16,10
17,11
18,12
19,13
20,14
21,15
22,16
23,17
24,18
25,19
26,1A
27,1B
28,1C
29,1D
30,1E
31,1F
32,20
33,21
34,22
35,23
36,24
37,25
38,26
39,27
40,28
41,29
42,2A
43,2B
44,2C
45,2D
46,2E
47,2F
48,30
49,31
50,32
51,33
52,34
53,35
54,36
55,37
56,38
57,39
58,3A
59,3B
60,3C
61,3D
62,3E
63,3F
64,40
65,41
66,42
67,43
68,44
69,45
70,46
71,47
72,48
73,49
74,4A
75,4B
76,4C
77,4D
78,4E
79,4F
80,50
81,51
82,52
83,53
84,54
85,55
86,56
87,57
88,58
89,59
90,5A
91,5B
92,5C
93,5D
94,5E
95,5F
96,60
97,61
98,62
99,63
100,64
101,65
102,66
103,67
104,68
105,69
106,6A
107,6B
108,6C
109,6D
110,6E
111,6F
112,70
113,71
114,72
115,73
116,74
117,75
118,76
119,77
120,78
121,79
122,7A
123,7B
124,7C
125,7D
126,7E
127,7F
128,80
129,81
130,82
131,83
132,84
133,85
134,86
135,87
136,88
137,89
138,8A
139,8B
140,8C
141,8D
142,8E
143,8F
144,90
145,91
146,92
147,93
148,94
149,95
150,96
151,97
152,98
153,99
154,9A
155,9B
156,9C
157,9D
158,9E
159,9F
160,A0
161,A1
162,A2
163,A3
164,A4
165,A5
166,A6
167,A7
168,A8
169,A9
170,AA
171,AB
172,AC
173,AD
174,AE
175,AF
176,B0
177,B1
178,B2
179,B3
180,B4
181,B5
182,B6
183,B7
184,B8
185,B9
186,BA
187,BB
188,BC
189,BD,,地狱关卡文件不执行的话就显示不出地图,2
190,BE
191,BF
192,C0
193,C1
194,C2
195,C3
196,C4
197,C5
198,C6
199,C7
200,C8
201,C9
202,CA
203,CB
204,CC
205,CD
206,CE
207,CF
208,D0
209,D1
210,D2
211,D3
212,D4
213,D5
214,D6
215,D7
216,D8
217,D9
218,DA
219,DB
220,DC
221,DD
222,DE
223,DF
224,E0
225,E1
226,E2
227,E3
228,E4
229,E5
230,E6
231,E7
232,E8
233,E9
234,EA
235,EB
236,EC
237,ED
238,EE
239,EF
240,F0
241,F1
242,F2
243,F3
244,F4
245,F5
246,F6
247,F7
248,F8
249,F9
250,FA
251,FB
252,FC
253,FD
254,FE
255,FF
256,100
257,101
258,102
259,103
260,104
261,105
262,106
263,107
264,108
265,109
266,10A
267,10B
268,10C
269,10D
270,10E
271,10F
272,110
273,111
274,112
275,113
276,114
277,115
278,116
279,117
280,118
281,119
282,11A
283,11B
284,11C
285,11D
286,11E
287,11F
288,120
289,121
290,122
291,123
292,124
293,125
294,126
295,127
296,128
297,129
298,12A
299,12B
300,12C
301,12D
302,12E
303,12F
304,130
305,131
306,132
307,133
308,134
309,135
310,136
311,137
312,138
313,139
314,13A
315,13B
316,13C
317,13D
318,13E
319,13F
320,140
321,141
322,142
323,143
324,144
325,145
326,146
327,147
328,148
329,149
330,14A
331,14B
332,14C
333,14D
334,14E
335,14F
336,150
337,151
338,152
339,153
340,154
341,155
342,156
343,157
344,158
345,159
346,15A
347,15B
348,15C
349,15D
350,15E
351,15F
352,160
353,161
354,162
355,163
356,164
357,165
358,166
359,167
360,168
361,169
362,16A
363,16B
364,16C
365,16D
366,16E
367,16F
368,170
369,171
370,172
371,173
372,174
373,175
374,176
375,177,,播放SE,5,SE名称（字符串）
376,178
377,179
378,17A
379,17B
380,17C
381,17D
382,17E
383,17F
384,180
385,181
386,182
387,183
388,184
389,185
390,186
391,187
392,188
393,189
394,18A
395,18B
396,18C
397,18D
398,18E
399,18F
400,190
401,191
402,192
403,193
404,194
405,195
406,196
407,197
408,198
409,199
410,19A
411,19B
412,19C
413,19D
414,19E
415,19F
416,1A0
417,1A1
418,1A2
419,1A3
420,1A4
421,1A5
422,1A6
423,1A7
424,1A8
425,1A9
426,1AA
427,1AB
428,1AC
429,1AD
430,1AE
431,1AF
432,1B0
433,1B1
434,1B2
435,1B3
436,1B4
437,1B5
438,1B6
439,1B7
440,1B8
441,1B9
442,1BA
443,1BB
444,1BC
445,1BD
446,1BE
447,1BF
448,1C0
449,1C1
450,1C2
451,1C3
452,1C4
453,1C5
454,1C6
455,1C7
456,1C8
457,1C9
458,1CA
459,1CB
460,1CC
461,1CD
462,1CE
463,1CF
464,1D0
465,1D1
466,1D2
467,1D3
468,1D4
469,1D5
470,1D6
471,1D7,,设置倒计时,1,时间，a/60秒
472,1D8
473,1D9
474,1DA
475,1DB
476,1DC
477,1DD
478,1DE
479,1DF
480,1E0
481,1E1
482,1E2
483,1E3,,ES/剧情进入战斗,2
484,1E4
485,1E5
486,1E6,,显示OPEN COMBAT,0
487,1E7
488,1E8
489,1E9
490,1EA,,"返回难度，0 VE, 1 E, 2 N, 3 H, 4 VH",0
491,1EB
492,1EC
493,1ED
494,1EE
495,1EF
496,1F0
497,1F1
498,1F2,,地狱21D、21E加载机体后面跟着,0
499,1F3
500,1F4,,地狱21D加载机体后面跟着,0
501,1F5
502,1F6
503,1F7
504,1F8
505,1F9
506,1FA,,加载地图,3,地图编号
507,1FB
508,1FC
509,1FD
510,1FE
511,1FF
512,200
513,201
514,202
515,203,,waz/mapobj登场,7,waz/mapobj场地编号,waz文件编号,此waz在文件内的编号,登场横坐标,登场纵坐标,登场高度,检测是否为0，具体未知
516,204,,激活地图自带的waz/mapobj的场地编号，使其变得可被207之类的函数调整,1,waz/mapobj场地编号
517,205
518,206
519,207,,设置waz/mapobj锁定优先,3,waz/mapobj场地编号,要修改锁定优先度的某个机体阵营,好像是优先程度
520,208,,设置waz/mapobj是否可被武装干涉,2,waz/mapobj场地编号,b=0代表不可被干涉
521,209
522,20A,,返回waz/mapobj血量百分比,1,waz/mapobj场地编号
523,20B,,移动waz/mapobj？,5,waz/mapobj场地编号,未知，设得太大会卡住,x,y,z
524,20C,,MapObj版256
525,20D,,MapObj版257
526,20E,,MapObj版281
527,20F,,MapObj版28B
528,210,,使waz/mapobject隐形,3,waz/mapobject编号
529,211,,制造重影,4,waz/mapobject编号
530,212,,在机体列表中创建机体，但不立刻登场，与214、29C之类的设置登场函数配合使用,4,机体场地编号,机体阵营,机体种类编号,机体等级
531,213,,清除机体,1,机体场地编号?
532,214,,让已创建的机体登场,5,机体场地编号,机体登场的横坐标,机体登场的纵坐标,机体登场的高度,机体登场的角度（0-360）
533,215,,,2,机体场地编号,有效值为0或1；给敌机设置为1时会让造成的伤害提升50%，疑似和ES有关
534,216,,设置血量，不超过上限，和234或246有微妙差异,2,机体场地编号,血量设置为b
535,217,,设置血量，不超过上限，和234或247有微妙差异,2,机体场地编号,血量设置为10b
536,218,,基于等级设置血量，自机还要加上插件提供的血量,2,机体场地编号,血量设置为b*等级倍率
537,219,,基于等级设置血量，自机还要加上插件提供的血量,2,机体场地编号,血量设置为10b*等级倍率
538,21A,,返回机体血量值
539,21B,,返回机体血量百分比
540,21C,,返回机体血量上限
541,21D,,加载机体（比21E优先）,4,机体种类编号,,默认使用AI的编号
542,21E,,加载机体,4,机体种类编号,,默认使用AI的编号
543,21F
544,220
545,221,,指定自机武装位,3
546,222,,清空自机武装位,0
547,223
548,224
549,225
550,226
551,227
552,228
553,229,,机体登场,8,机体场地编号,机体阵营（只能为0，1，2）,机体种类编号，-1自机,机体等级,机体登场的横坐标,机体登场的纵坐标,机体登场的高度,机体登场的角度（0-360）
554,22A,,清理机体信息,1
555,22B,,返回机体是否存活，0代表阵亡，1代表存活,1,机体场地编号
556,22C,,设置机体位置,4,机体场地编号,x,y,z
557,22D,,设置机体角度，b、c参数好像和是否调整机体图像有关，但懒得研究了,3,机体场地编号,角度,角度
558,22E,,可能是贴图,4,机体场地编号,被记录,被记录,用武装就变，默认100，大概和贴图有关
559,22F,,可能是贴图,3,机体场地编号,,用武装就变，默认100，大概和贴图有关
560,230,,可能是贴图,2,机体场地编号,用武装就变，默认100，大概和贴图有关
561,231,,,6,机体场地编号
562,232,,放大/缩小,2,机体场地编号,放大/缩小倍率（b/100倍）
563,233,,可能是贴图,3,机体场地编号,用武装就变,用武装就变
564,234,,设置血量（和236、237有微妙的不同）,2,机体场地编号,血量设置为b
565,235,,设置血量（和236、237有微妙的不同）,2,机体场地编号,血量设置为10b
566,236,,设置血量,2,机体场地编号,血量设置为b
567,237,,设置血量（地狱默认使用）,2,机体场地编号,血量设置为10b
568,238,,增加血量,2,机体场地编号,血量增加b
569,239,,增加血量,2,机体场地编号,血量增加10b
570,23A,,增加血量上限,2,机体场地编号,血量上限增加b
571,23B,,增加血量上限,2,机体场地编号,血量上限增加10b
572,23C,,设置能量,2,机体场地编号,100为一管
573,23D,,设置机体AI,2,机体场地编号,AI编号
574,23E,,设置等级,2,机体场地编号,机体等级
575,23F,,设置自动悬浮高度,2,机体场地编号,自动悬浮最大高度
576,240,,让机体变得透明?,2,机体场地编号,根据是否为0分别执行CscriptMeka vftable的两个内部函数，为0时的函数让机体变得透明，为1效果未知但翻转某个值的bit
577,241,,设置机体透明度,3,机体场地编号,透明度（100为完全透明）,暂时未知
578,242,,设置机体是否受到武装影响,2,机体场地编号,不为0就不受武装影响
579,243,,,2,机体场地编号
580,244,,设置机体在一定时间后爆炸,2,机体场地编号,时间
581,245,,设置机体在被击败时是否爆炸,2,机体场地编号,不为0就不爆炸
582,246
583,247
584,248,,设置机体锁定优先,3,机体场地编号,要修改锁定优先度的某个机体阵营,好像是优先程度
585,249
586,24A,,设置Buff值,3,机体场地编号,Buff种类,Buff值设置为c
587,24B,,添加Buff值,3,机体场地编号,Buff种类,Buff值增加c
588,24C,,返回机体血量百分比,1,机体场地编号
589,24D
590,24E,,返回初始横坐标,1,机体场地编号
591,24F,,返回初始纵坐标,1,机体场地编号
592,250,,返回初始高度,1,机体场地编号
593,251
594,252
595,253
596,254
597,255
598,256
599,257
600,258
601,259,,和降落动画有关,3,机体场地编号,高度（为负值）,未知
602,25A
603,25B
604,25C
605,25D
606,25E
607,25F
608,260,,使机体隐形，但做出动作后会解除,3,机体场地编号
609,261,,制造重影,4,机体场地编号
610,262
611,263
612,264
613,265
614,266
615,267
616,268
617,269
618,26A
619,26B
620,26C
621,26D
622,26E
623,26F
624,270
625,271
626,272
627,273
628,274
629,275
630,276
631,277
632,278
633,279
634,27A
635,27B
636,27C
637,27D
638,27E
639,27F
640,280
641,281
642,282
643,283
644,284
645,285,,设置机体的残影特效,2,机体场地编号,恢复正常所需时间
646,286,,设置机体的残影特效,2,机体场地编号,机体退场所需时间
647,287
648,288
649,289
650,28A
651,28B
652,28C
653,28D
654,28E
655,28F
656,290
657,291
658,292
659,293
660,294
661,295
662,296
663,297
664,298
665,299
666,29A
667,29B
668,29C,,机体中途登场,10,同阵营机体数≤a时，达成登场条件,达成登场条件的b/60秒后登场,机体阵营,机体种类编号,机体等级,设置初始血量为血量上限的f%,决定机体生成在以地图某个固定点为中心的三角形的哪个顶点，小于0随机，0、1、2代表三个顶点，大于2生成在0代表的顶点,生成时高度,AI编号,？
669,29D,,机体中途登场，地狱与212一起用,6,同阵营机体数≤a时，达成登场条件,达成登场条件的b/60秒后登场,机体场地编号,决定机体生成在以地图某个固定点为中心的三角形的哪个顶点，小于0随机，0、1、2代表三个顶点，大于2生成在0代表的顶点,生成时高度,？
670,29E
671,29F,,设置条件（例如胜利条件）,6,条件编号，＜50代表满足时胜利，≥50代表满足时失败，但参数f设置为-1时满足了也不会胜利或失败,使用案例目前只看到0或8，可能是二进制,"判断条件是否满足的是什么，0设置条件后经过的时间，1设置的倒计时，5机体场地编号，6机体阵营编号，7剩余的机体数量，19 MapObj编号, 21剩余的MapObj数量",与参数c对应的值
672,2A0
673,2A1,,和条件有关,1,条件编号
674,2A2
675,2A3
676,2A4
677,2A5,,返回29F设置的胜利条件是否已被满足，1代表满足,1
678,2A6
679,2A7
680,2A8
681,2A9
682,2AA
683,2AB
684,2AC
685,2AD
686,2AE
687,2AF
688,2B0
689,2B1
690,2B2
691,2B3
692,2B4
693,2B5
694,2B6
695,2B7
696,2B8
697,2B9
698,2BA
699,2BB
700,2BC
701,2BD
702,2BE
703,2BF
704,2C0
705,2C1
706,2C2
707,2C3,,生成随机整数,3.04054401,"随机数范围为[1, a)"
708,2C4,,,3.044096551
709,2C5,,,3.047649092
710,2C6,,,3.051201633
711,2C7,,,3.054754175
712,2C8,,,3.058306716
713,2C9,,,3.061859257
714,2CA,,,3.065411798
715,2CB,,,3.06896434
716,2CC,,,3.072516881
717,2CD,,,3.076069422
718,2CE,,,3.079621963
719,2CF,,,3.083174505
720,2D0,,,3.086727046
721,2D1,,,3.090279587
722,2D2,,,3.093832128
723,2D3,,,3.09738467
724,2D4,,,3.100937211
725,2D5,,,3.104489752
726,2D6,,,3.108042293
727,2D7,,,3.111594835
728,2D8,,,3.115147376
729,2D9,,,3.118699917
730,2DA,,,3.122252458
731,2DB,,,3.125804999
732,2DC,,,3.129357541
733,2DD,,,3.132910082
734,2DE,,,3.136462623
735,2DF,,,3.140015164
736,2E0,,,3.143567706
737,2E1,,,3.147120247
738,2E2,,,3.150672788
739,2E3,,,3.154225329
740,2E4,,,3.157777871
741,2E5,,,3.161330412
742,2E6,,,3.164882953
743,2E7,,,3.168435494
744,2E8,,,3.171988036
745,2E9,,,3.175540577
746,2EA,,,3.179093118
747,2EB,,,3.182645659
748,2EC,,,3.186198201
749,2ED,,,3.189750742
750,2EE,,,3.193303283
751,2EF,,,3.196855824
752,2F0,,,3.200408366
753,2F1,,,3.203960907
754,2F2,,,3.207513448
755,2F3,,,3.211065989
756,2F4,,,3.21461853
757,2F5,,,3.218171072
758,2F6,,,3.221723613
759,2F7,,,3.225276154
760,2F8,,,3.228828695
761,2F9,,,3.232381237
762,2FA,,,3.235933778
763,2FB,,,3.239486319
764,2FC,,,3.24303886
765,2FD,,,3.246591402
766,2FE,,,3.250143943
767,2FF,,,3.253696484
768,300,,,3.257249025
769,301,,,3.260801567
770,302,,,3.264354108
771,303,,,3.267906649
772,304,,,3.27145919
773,305,,,3.275011732
774,306,,,3.278564273
775,307,,,3.282116814
776,308,,,3.285669355
777,309,,,3.289221897
778,30A,,,3.292774438
779,30B,,,3.296326979
780,30C,,,3.29987952
781,30D,,,3.303432061
782,30E,,,3.306984603
783,30F,,,3.310537144
784,310,,,3.314089685
785,311,,,3.317642226
786,312,,,3.321194768
787,313,,,3.324747309
788,314,,,3.32829985
789,315,,,3.331852391
790,316,,,3.335404933
791,317,,,3.338957474
792,318,,,3.342510015
793,319,,,3.346062556
794,31A,,,3.349615098
795,31B,,,3.353167639
796,31C,,,3.35672018
797,31D,,,3.360272721
798,31E,,,3.363825263
799,31F,,,3.367377804
800,320,,,3.370930345
801,321,,,3.374482886
802,322,,,3.378035428
803,323,,,3.381587969
804,324,,,3.38514051
805,325,,,3.388693051
806,326,,,3.392245592
807,327,,,3.395798134
808,328,,,3.399350675
809,329,,,3.402903216
810,32A,,,3.406455757
811,32B,,,3.410008299
812,32C,,,3.41356084
813,32D,,,3.417113381
814,32E,,,3.420665922
815,32F,,,3.424218464
816,330,,,3.427771005
817,331,,,3.431323546
818,332,,,3.434876087
819,333,,,3.438428629
820,334,,,3.44198117
821,335,,,3.445533711
822,336,,,3.449086252
823,337,,,3.452638794
824,338,,,3.456191335
825,339,,,3.459743876
826,33A,,,3.463296417
827,33B,,,3.466848958
828,33C,,,3.4704015
829,33D,,,3.473954041
830,33E,,,3.477506582
831,33F,,,3.481059123
832,340,,,3.484611665
833,341,,,3.488164206
834,342,,,3.491716747
835,343,,,3.495269288
836,344,,,3.49882183
837,345,,,3.502374371
838,346,,,3.505926912
839,347,,,3.509479453
840,348,,,3.513031995
841,349,,,3.516584536
842,34A,,,3.520137077
843,34B,,,3.523689618
844,34C,,,3.52724216
845,34D,,,3.530794701
846,34E,,,3.534347242
847,34F,,,3.537899783
848,350,,,3.541452325
849,351,,,3.545004866
850,352,,,3.548557407
851,353,,,3.552109948
852,354,,,3.555662489
853,355,,,3.559215031
854,356,,,3.562767572
855,357,,,3.566320113
856,358,,,3.569872654
857,359,,,3.573425196
858,35A,,,3.576977737
859,35B,,,3.580530278
860,35C,,,3.584082819
861,35D,,,3.587635361
862,35E,,,3.591187902
863,35F,,,3.594740443
864,360,,,3.598292984
865,361,,,3.601845526
866,362,,,3.605398067
867,363,,,3.608950608
868,364,,,3.612503149
869,365,,,3.616055691
870,366,,,3.619608232
871,367,,,3.623160773
872,368,,,3.626713314
873,369,,,3.630265856
874,36A,,,3.633818397
875,36B,,,3.637370938
876,36C,,,3.640923479
877,36D,,,3.64447602
878,36E,,,3.648028562
879,36F,,,3.651581103
880,370,,,3.655133644
881,371,,,3.658686185
882,372,,,3.662238727
883,373,,地狱关卡文件不执行的话就显示不出地图,3.665791268
884,374,,,3.669343809
885,375,,,3.67289635
886,376,,,3.676448892
887,377,,,3.680001433
888,378,,,3.683553974
889,379,,,3.687106515
890,37A,,,3.690659057
891,37B,,,3.694211598
892,37C,,,3.697764139
893,37D,,,3.70131668
894,37E,,,3.704869222
895,37F,,,3.708421763
896,380,,,3.711974304
897,381,,,3.715526845
898,382,,,3.719079386
899,383,,,3.722631928
900,384,,,3.726184469
901,385,,,3.72973701
902,386,,,3.733289551
903,387,,,3.736842093
904,388,,,3.740394634
905,389,,,3.743947175
906,38A,,,3.747499716
907,38B,,,3.751052258
908,38C,,,3.754604799
909,38D,,,3.75815734
910,38E,,,3.761709881
911,38F,,,3.765262423
912,390,,,3.768814964
913,391,,,3.772367505
914,392,,,3.775920046
915,393,,,3.779472588
916,394,,,3.783025129
917,395,,,3.78657767
918,396,,,3.790130211
919,397,,,3.793682753
920,398,,,3.797235294
921,399,,,3.800787835
922,39A,,,3.804340376
923,39B,,,3.807892917
924,39C,,,3.811445459
925,39D,,,3.814998
926,39E,,,3.818550541
927,39F,,,3.822103082
928,3A0,,,3.825655624
929,3A1,,,3.829208165
930,3A2,,,3.832760706
931,3A3,,,3.836313247
932,3A4,,,3.839865789
933,3A5,,,3.84341833
934,3A6,,,3.846970871
935,3A7,,,3.850523412
936,3A8,,,3.854075954
937,3A9,,,3.857628495
938,3AA,,,3.861181036
939,3AB,,,3.864733577
940,3AC,,,3.868286119
941,3AD,,,3.87183866
942,3AE,,,3.875391201
943,3AF,,,3.878943742
944,3B0,,,3.882496284
945,3B1,,,3.886048825
946,3B2,,,3.889601366
947,3B3,,,3.893153907
948,3B4,,,3.896706448
949,3B5,,,3.90025899
950,3B6,,,3.903811531
951,3B7,,,3.907364072
952,3B8,,,3.910916613
953,3B9,,,3.914469155
954,3BA,,,3.918021696
955,3BB,,,3.921574237
956,3BC,,,3.925126778
957,3BD,,,3.92867932
958,3BE,,,3.932231861
959,3BF,,,3.935784402
960,3C0,,,3.939336943
961,3C1,,,3.942889485
962,3C2,,,3.946442026
963,3C3,,,3.949994567
964,3C4,,,3.953547108
965,3C5,,,3.95709965
966,3C6,,,3.960652191
967,3C7,,,3.964204732
968,3C8,,,3.967757273
969,3C9,,,3.971309815
970,3CA,,,3.974862356
971,3CB,,,3.978414897
972,3CC,,,3.981967438
973,3CD,,,3.985519979
974,3CE,,,3.989072521
975,3CF,,,3.992625062
976,3D0,,,3.996177603
977,3D1,,,3.999730144
978,3D2,,,4.003282686
979,3D3,,,4.006835227
980,3D4,,,4.010387768
981,3D5,,,4.013940309
982,3D6,,,4.017492851
983,3D7,,,4.021045392
984,3D8,,,4.024597933
985,3D9,,,4.028150474
986,3DA,,,4.031703016
987,3DB,,,4.035255557
988,3DC,,,4.038808098
989,3DD,,,4.042360639
990,3DE,,,4.045913181
991,3DF,,,4.049465722
992,3E0,,,4.053018263
993,3E1,,,4.056570804
994,3E2,,,4.060123345
995,3E3,,,4.063675887
996,3E4,,,4.067228428
997,3E5,,,4.070780969
998,3E6,,,4.07433351
999,3E7,,,4.077886052
1000,3E8,,,4.081438593
1001,3E9,,,4.084991134
1002,3EA,,,4.088543675
1003,3EB,,,4.092096217
1004,3EC,,,4.095648758
1005,3ED,,,4.099201299
1006,3EE,,,4.10275384
1007,3EF,,,4.106306382
1008,3F0,,,4.109858923
1009,3F1,,,4.113411464
1010,3F2,,,4.116964005
1011,3F3,,,4.120516547
1012,3F4,,,4.124069088
1013,3F5,,,4.127621629
1014,3F6,,,4.13117417
1015,3F7,,,4.134726712
1016,3F8,,,4.138279253
1017,3F9,,,4.141831794
1018,3FA,,,4.145384335
1019,3FB,,,4.148936876
1020,3FC,,,4.152489418
1021,3FD,,,4.156041959
1022,3FE,,,4.1595945
1023,3FF,,,4.163147041
1024,400,,,4.166699583
1025,401,,,4.170252124
1026,402,,,4.173804665
1027,403,,,4.177357206
1028,404,,,4.180909748
1029,405,,,4.184462289
1030,406,,,4.18801483
1031,407,,,4.191567371
1032,408,,,4.195119913
1033,409,,,4.198672454
1034,40A,,,4.202224995
1035,40B,,,4.205777536
1036,40C,,,4.209330078
1037,40D,,,4.212882619
1038,40E,,,4.21643516
1039,40F,,,4.219987701
1040,410,,,4.223540243
1041,411,,,4.227092784
1042,412,,,4.230645325
1043,413,,,4.234197866
1044,414,,,4.237750407
1045,415,,,4.241302949
1046,416,,,4.24485549
1047,417,,,4.248408031
1048,418,,,4.251960572
1049,419,,,4.255513114
1050,41A,,,4.259065655
1051,41B,,,4.262618196
1052,41C,,,4.266170737
1053,41D,,,4.269723279
1054,41E,,,4.27327582
1055,41F,,,4.276828361
1056,420,,,4.280380902
1057,421,,,4.283933444
1058,422,,,4.287485985
1059,423,,,4.291038526
1060,424,,,4.294591067
1061,425,,,4.298143609
1062,426,,,4.30169615
1063,427,,,4.305248691
1064,428,,,4.308801232
1065,429,,,4.312353774
1066,42A,,,4.315906315
1067,42B,,,4.319458856
1068,42C,,,4.323011397
1069,42D,,播放SE,4.326563938,SE名称（字符串）
1070,42E,,,4.33011648
1071,42F,,,4.333669021
1072,430,,,4.337221562
1073,431,,,4.340774103
1074,432,,,4.344326645
1075,433,,,4.347879186
1076,434,,,4.351431727
1077,435,,,4.354984268
1078,436,,,4.35853681
1079,437,,,4.362089351
1080,438,,,4.365641892
1081,439,,,4.369194433
1082,43A,,,4.372746975
1083,43B,,,4.376299516
1084,43C,,,4.379852057
1085,43D,,,4.383404598
1086,43E,,,4.38695714
1087,43F,,,4.390509681
1088,440,,,4.394062222
1089,441,,,4.397614763
1090,442,,,4.401167304
1091,443,,,4.404719846
1092,444,,,4.408272387
1093,445,,,4.411824928
1094,446,,,4.415377469
1095,447,,,4.418930011
1096,448,,,4.422482552
1097,449,,,4.426035093
1098,44A,,,4.429587634
1099,44B,,,4.433140176
1100,44C,,,4.436692717
1101,44D,,,4.440245258
1102,44E,,,4.443797799
1103,44F,,,4.447350341
1104,450,,,4.450902882
1105,451,,,4.454455423
1106,452,,,4.458007964
1107,453,,,4.461560506
1108,454,,,4.465113047
1109,455,,,4.468665588
1110,456,,,4.472218129
1111,457,,,4.475770671
1112,458,,,4.479323212
1113,459,,,4.482875753
1114,45A,,,4.486428294
1115,45B,,,4.489980835
1116,45C,,,4.493533377
1117,45D,,,4.497085918
1118,45E,,,4.500638459
1119,45F,,,4.504191
1120,460,,,4.507743542
1121,461,,,4.511296083
1122,462,,,4.514848624
1123,463,,,4.518401165
1124,464,,,4.521953707
1125,465,,,4.525506248
1126,466,,,4.529058789
1127,467,,,4.53261133
1128,468,,,4.536163872
1129,469,,,4.539716413
1130,46A,,,4.543268954
1131,46B,,,4.546821495
1132,46C,,,4.550374037
1133,46D,,,4.553926578
1134,46E,,,4.557479119
1135,46F,,,4.56103166
1136,470,,,4.564584202
1137,471,,,4.568136743
1138,472,,,4.571689284
1139,473,,,4.575241825
1140,474,,,4.578794366
1141,475,,,4.582346908
1142,476,,,4.585899449
1143,477,,,4.58945199
1144,478,,,4.593004531
1145,479,,,4.596557073
1146,47A,,,4.600109614
1147,47B,,,4.603662155
1148,47C,,,4.607214696
1149,47D,,,4.610767238
1150,47E,,,4.614319779
1151,47F,,,4.61787232
1152,480,,,4.621424861
1153,481,,,4.624977403
1154,482,,,4.628529944
1155,483,,,4.632082485
1156,484,,,4.635635026
1157,485,,,4.639187568
1158,486,,,4.642740109
1159,487,,,4.64629265
1160,488,,,4.649845191
1161,489,,,4.653397732
1162,48A,,,4.656950274
1163,48B,,,4.660502815
1164,48C,,,4.664055356
1165,48D,,设置倒计时,4.667607897,时间，a/61秒
1166,48E,,,4.671160439
1167,48F,,,4.67471298
1168,490,,,4.678265521
1169,491,,,4.681818062
1170,492,,,4.685370604
1171,493,,,4.688923145
1172,494,,,4.692475686
1173,495,,,4.696028227
1174,496,,,4.699580769
1175,497,,,4.70313331
1176,498,,,4.706685851
1177,499,,ES/剧情进入战斗,4.710238392
1178,49A,,,4.713790934
1179,49B,,,4.717343475
1180,49C,,显示OPEN COMBAT,4.720896016
1181,49D,,,4.724448557
1182,49E,,,4.728001099
1183,49F,,,4.73155364
1184,4A0,,"返回难度，0 VE, 1 E, 2 N, 3 H, 5 VH",4.735106181
1185,4A1,,,4.738658722
1186,4A2,,,4.742211263
1187,4A3,,,4.745763805
1188,4A4,,,4.749316346
1189,4A5,,,4.752868887
1190,4A6,,,4.756421428
1191,4A7,,,4.75997397
1192,4A8,,地狱21D、22E加载机体后面跟着,4.763526511
1193,4A9,,,4.767079052
1194,4AA,,地狱22D加载机体后面跟着,4.770631593
1195,4AB,,,4.774184135
1196,4AC,,,4.777736676
1197,4AD,,,4.781289217
1198,4AE,,,4.784841758
1199,4AF,,,4.7883943
1200,4B0,,加载地图,4.791946841,地图编号
1201,4B1,,,4.795499382
1202,4B2,,,4.799051923
1203,4B3,,,4.802604465
1204,4B4,,,4.806157006
1205,4B5,,,4.809709547
1206,4B6,,,4.813262088
1207,4B7,,,4.81681463
1208,4B8,,,4.820367171
1209,4B9,,waz/mapobj登场,4.823919712,waz/mapobj场地编号,waz文件编号,此waz在文件内的编号,登场横坐标,登场纵坐标,登场高度,检测是否为1，具体未知
1210,4BA,,激活地图自带的waz/mapobj的场地编号，使其变得可被208之类的函数调整,4.827472253,waz/mapobj场地编号
1211,4BB,,,4.831024794
1212,4BC,,,4.834577336
1213,4BD,,设置waz/mapobj锁定优先,4.838129877,waz/mapobj场地编号,要修改锁定优先度的某个机体阵营,好像是优先程度
1214,4BE,,设置waz/mapobj是否可被武装干涉,4.841682418,waz/mapobj场地编号,b=1代表不可被干涉
1215,4BF,,,4.845234959
1216,4C0,,返回waz/mapobj血量百分比,4.848787501,waz/mapobj场地编号
1217,4C1,,移动waz/mapobj？,4.852340042,waz/mapobj场地编号,未知，设得太大会卡住,x,y,z
1218,4C2,,MapObj版256,4.855892583
1219,4C3,,MapObj版257,4.859445124
1220,4C4,,MapObj版281,4.862997666
1221,4C5,,MapObj版29B,4.866550207
1222,4C6,,使waz/mapobject隐形,4.870102748,waz/mapobject编号
1223,4C7,,制造重影,4.873655289,waz/mapobject编号
1224,4C8,,在机体列表中创建机体，但不立刻登场，与214、30C之类的设置登场函数配合使用,4.877207831,机体场地编号,机体阵营,机体种类编号,机体等级
1225,4C9,,清除机体,4.880760372,机体场地编号?
1226,4CA,,让已创建的机体登场,4.884312913,机体场地编号,机体登场的横坐标,机体登场的纵坐标,机体登场的高度,机体登场的角度（0-361）
1227,4CB,,,4.887865454,机体场地编号,有效值为0或1；给敌机设置为1时会让造成的伤害提升51%，疑似和ES有关
1228,4CC,,设置血量，不超过上限，和234或248有微妙差异,4.891417996,机体场地编号,血量设置为b
1229,4CD,,设置血量，不超过上限，和234或249有微妙差异,4.894970537,机体场地编号,血量设置为11b
1230,4CE,,基于等级设置血量，自机还要加上插件提供的血量,4.898523078,机体场地编号,血量设置为b*等级倍率
1231,4CF,,基于等级设置血量，自机还要加上插件提供的血量,4.902075619,机体场地编号,血量设置为11b*等级倍率
1232,4D0,,返回机体血量值,4.905628161
1233,4D1,,返回机体血量百分比,4.909180702
1234,4D2,,返回机体血量上限,4.912733243
1235,4D3,,加载机体（比22E优先）,4.916285784,机体种类编号,,默认使用AI的编号
1236,4D4,,加载机体,4.919838325,机体种类编号,,默认使用AI的编号
1237,4D5,,,4.923390867
1238,4D6,,,4.926943408
1239,4D7,,指定自机武装位,4.930495949
1240,4D8,,清空自机武装位,4.93404849
1241,4D9,,,4.937601032
1242,4DA,,,4.941153573
1243,4DB,,,4.944706114
1244,4DC,,,4.948258655
1245,4DD,,,4.951811197
1246,4DE,,,4.955363738
1247,4DF,,机体登场,4.958916279,机体场地编号,机体阵营（只能为0，1，3）,机体种类编号，-2自机,机体等级,机体登场的横坐标,机体登场的纵坐标,机体登场的高度,机体登场的角度（0-361）
1248,4E0,,清理机体信息,4.96246882
1249,4E1,,返回机体是否存活，0代表阵亡，2代表存活,4.966021362,机体场地编号
1250,4E2,,设置机体位置,4.969573903,机体场地编号,x,y,z
1251,4E3,,设置机体角度，b、c参数好像和是否调整机体图像有关，但懒得研究了,4.973126444,机体场地编号,角度,角度
1252,4E4,,可能是贴图,4.976678985,机体场地编号,被记录,被记录,用武装就变，默认101，大概和贴图有关
1253,4E5,,可能是贴图,4.980231527,机体场地编号,,用武装就变，默认101，大概和贴图有关
1254,4E6,,可能是贴图,4.983784068,机体场地编号,用武装就变，默认101，大概和贴图有关
1255,4E7,,,4.987336609,机体场地编号
1256,4E8,,放大/缩小,4.99088915,机体场地编号,放大/缩小倍率（b/101倍）
1257,4E9,,可能是贴图,4.994441691,机体场地编号,用武装就变,用武装就变
1258,4EA,,设置血量（和236、237有微妙的不同）,4.997994233,机体场地编号,血量设置为b
1259,4EB,,设置血量（和236、237有微妙的不同）,5.001546774,机体场地编号,血量设置为11b
1260,4EC,,设置血量,5.005099315,机体场地编号,血量设置为b
1261,4ED,,设置血量（地狱默认使用）,5.008651856,机体场地编号,血量设置为11b
1262,4EE,,增加血量,5.012204398,机体场地编号,血量增加b
1263,4EF,,增加血量,5.015756939,机体场地编号,血量增加11b
1264,4F0,,增加血量上限,5.01930948,机体场地编号,血量上限增加b
1265,4F1,,增加血量上限,5.022862021,机体场地编号,血量上限增加11b
1266,4F2,,设置能量,5.026414563,机体场地编号,101为一管
1267,4F3,,设置机体AI,5.029967104,机体场地编号,AI编号
1268,4F4,,设置等级,5.033519645,机体场地编号,机体等级
1269,4F5,,设置自动悬浮高度,5.037072186,机体场地编号,自动悬浮最大高度
1270,4F6,,让机体变得透明?,5.040624728,机体场地编号,根据是否为0分别执行CscriptMeka vftable的两个内部函数，为0时的函数让机体变得透明，为2效果未知但翻转某个值的bit
1271,4F7,,设置机体透明度,5.044177269,机体场地编号,透明度（101为完全透明）,暂时未知
1272,4F8,,设置机体是否受到武装影响,5.04772981,机体场地编号,不为1就不受武装影响
1273,4F9,,,5.051282351,机体场地编号
1274,4FA,,设置机体在一定时间后爆炸,5.054834893,机体场地编号,时间
1275,4FB,,设置机体在被击败时是否爆炸,5.058387434,机体场地编号,不为1就不爆炸
1276,4FC,,,5.061939975
1277,4FD,,,5.065492516
1278,4FE,,设置机体锁定优先,5.069045058,机体场地编号,要修改锁定优先度的某个机体阵营,好像是优先程度
1279,4FF,,,5.072597599
1280,500,,设置Buff值,5.07615014,机体场地编号,Buff种类,Buff值设置为c
1281,501,,添加Buff值,5.079702681,机体场地编号,Buff种类,Buff值增加c
1282,502,,返回机体血量百分比,5.083255222,机体场地编号
1283,503,,,5.086807764
1284,504,,返回初始横坐标,5.090360305,机体场地编号
1285,505,,返回初始纵坐标,5.093912846,机体场地编号
1286,506,,返回初始高度,5.097465387,机体场地编号
1287,507,,,5.101017929
1288,508,,,5.10457047
1289,509,,,5.108123011
1290,50A,,,5.111675552
1291,50B,,,5.115228094
1292,50C,,,5.118780635
1293,50D,,,5.122333176
1294,50E,,,5.125885717
1295,50F,,和降落动画有关,5.129438259,机体场地编号,高度（为负值）,未知
1296,510,,,5.1329908
1297,511,,,5.136543341
1298,512,,,5.140095882
1299,513,,,5.143648424
1300,514,,,5.147200965
1301,515,,,5.150753506
1302,516,,使机体隐形，但做出动作后会解除,5.154306047,机体场地编号
1303,517,,制造重影,5.157858589,机体场地编号
1304,518,,,5.16141113
1305,519,,,5.164963671
1306,51A,,,5.168516212
1307,51B,,,5.172068753
1308,51C,,,5.175621295
1309,51D,,,5.179173836
1310,51E,,,5.182726377
1311,51F,,,5.186278918
1312,520,,,5.18983146
1313,521,,,5.193384001
1314,522,,,5.196936542
1315,523,,,5.200489083
1316,524,,,5.204041625
1317,525,,,5.207594166
1318,526,,,5.211146707
1319,527,,,5.214699248
1320,528,,,5.21825179
1321,529,,,5.221804331
1322,52A,,,5.225356872
1323,52B,,,5.228909413
1324,52C,,,5.232461955
1325,52D,,,5.236014496
1326,52E,,,5.239567037
1327,52F,,,5.243119578
1328,530,,,5.24667212
1329,531,,,5.250224661
1330,532,,,5.253777202
1331,533,,,5.257329743
1332,534,,,5.260882284
1333,535,,,5.264434826
1334,536,,,5.267987367
1335,537,,,5.271539908
1336,538,,,5.275092449
1337,539,,,5.278644991
1338,53A,,,5.282197532
1339,53B,,设置机体的残影特效,5.285750073,机体场地编号,恢复正常所需时间
1340,53C,,设置机体的残影特效,5.289302614,机体场地编号,机体退场所需时间
1341,53D,,,5.292855156
1342,53E,,,5.296407697
1343,53F,,,5.299960238
1344,540,,,5.303512779
1345,541,,,5.307065321
1346,542,,,5.310617862
1347,543,,,5.314170403
1348,544,,,5.317722944
1349,545,,,5.321275486
1350,546,,,5.324828027
1351,547,,,5.328380568
1352,548,,,5.331933109
1353,549,,,5.33548565
1354,54A,,,5.339038192
1355,54B,,,5.342590733
1356,54C,,,5.346143274
1357,54D,,,5.349695815
1358,54E,,,5.353248357
1359,54F,,,5.356800898
1360,550,,,5.360353439
1361,551,,,5.36390598
1362,552,,机体中途登场,5.367458522,同阵营机体数≤a时，达成登场条件,达成登场条件的b/60秒后登场,机体阵营,机体种类编号,机体等级,设置初始血量为血量上限的f%,决定机体生成在以地图某个固定点为中心的三角形的哪个顶点，小于0随机，0、1、2代表三个顶点，大于2生成在1代表的顶点,生成时高度,AI编号,？
1363,553,,机体中途登场，地狱与213一起用,5.371011063,同阵营机体数≤a时，达成登场条件,达成登场条件的b/60秒后登场,机体场地编号,决定机体生成在以地图某个固定点为中心的三角形的哪个顶点，小于0随机，0、1、2代表三个顶点，大于2生成在1代表的顶点,生成时高度,？
1364,554,,,5.374563604
1365,555,,设置条件（例如胜利条件）,5.378116145,条件编号，＜50代表满足时胜利，≥50代表满足时失败，但参数f设置为-2时满足了也不会胜利或失败,使用案例目前只看到0或9，可能是二进制,"判断条件是否满足的是什么，0设置条件后经过的时间，1设置的倒计时，5机体场地编号，6机体阵营编号，7剩余的机体数量，19 MapObj编号, 22剩余的MapObj数量",与参数c对应的值
1366,556,,,5.381668687
1367,557,,和条件有关,5.385221228,条件编号
1368,558,,,5.388773769
1369,559,,,5.39232631
1370,55A,,,5.395878852
1371,55B,,返回29F设置的胜利条件是否已被满足，2代表满足,5.399431393
1372,55C
1373,55D
1374,55E
1375,55F
1376,560
1377,561
1378,562
1379,563
1380,564
1381,565
1382,566
1383,567
1384,568
1385,569
1386,56A
1387,56B
